{
    "name": "root",
    "metadata": {
        "timer_format_version": "0.1.0",
        "start_time_seconds": "1779967735",
        "python_version": "3.8.20 (default, Oct  3 2024, 15:19:54) [MSC v.1929 64 bit (AMD64)]",
        "command_line_arguments": "C:\\Users\\USER\\anaconda4\\envs\\2026capstone\\Scripts\\mlagents-learn config\\drt_next_stop_ppo.yaml --run-id=drt_next_stop_ppo_01",
        "mlagents_version": "0.27.0",
        "mlagents_envs_version": "0.27.0",
        "communication_protocol_version": "1.5.0",
        "pytorch_version": "1.7.1+cpu",
        "numpy_version": "1.21.6",
        "end_time_seconds": "1779967813"
    },
    "total": 78.2576305,
    "count": 1,
    "self": 0.015694100000018807,
    "children": {
        "run_training.setup": {
            "total": 0.1379456000000001,
            "count": 1,
            "self": 0.1379456000000001
        },
        "TrainerController.start_learning": {
            "total": 78.10399079999999,
            "count": 1,
            "self": 0.0008447000000018079,
            "children": {
                "TrainerController._reset_env": {
                    "total": 23.1022612,
                    "count": 1,
                    "self": 23.1022612
                },
                "TrainerController.advance": {
                    "total": 54.77381369999999,
                    "count": 3,
                    "self": 0.00012939999999161955,
                    "children": {
                        "env_step": {
                            "total": 54.773596600000005,
                            "count": 3,
                            "self": 54.73518320000001,
                            "children": {
                                "SubprocessEnvManager._take_step": {
                                    "total": 0.038363600000000275,
                                    "count": 3,
                                    "self": 0.0003527999999981546,
                                    "children": {
                                        "TorchPolicy.evaluate": {
                                            "total": 0.03801080000000212,
                                            "count": 3,
                                            "self": 0.004411399999998622,
                                            "children": {
                                                "TorchPolicy.sample_actions": {
                                                    "total": 0.0335994000000035,
                                                    "count": 3,
                                                    "self": 0.0335994000000035
                                                }
                                            }
                                        }
                                    }
                                },
                                "workers": {
                                    "total": 4.979999999932261e-05,
                                    "count": 2,
                                    "self": 0.0,
                                    "children": {
                                        "worker_root": {
                                            "total": 28.297369699999994,
                                            "count": 2,
                                            "is_parallel": true,
                                            "self": 0.08356109999999717,
                                            "children": {
                                                "steps_from_proto": {
                                                    "total": 0.003747999999998086,
                                                    "count": 1,
                                                    "is_parallel": true,
                                                    "self": 0.0012241999999993425,
                                                    "children": {
                                                        "_process_rank_one_or_two_observation": {
                                                            "total": 0.0025237999999987437,
                                                            "count": 2,
                                                            "is_parallel": true,
                                                            "self": 0.0025237999999987437
                                                        }
                                                    }
                                                },
                                                "UnityEnvironment.step": {
                                                    "total": 28.2100606,
                                                    "count": 2,
                                                    "is_parallel": true,
                                                    "self": 0.0002847999999886497,
                                                    "children": {
                                                        "UnityEnvironment._generate_step_input": {
                                                            "total": 0.00024310000000227205,
                                                            "count": 2,
                                                            "is_parallel": true,
                                                            "self": 0.00024310000000227205
                                                        },
                                                        "communicator.exchange": {
                                                            "total": 28.2084327,
                                                            "count": 2,
                                                            "is_parallel": true,
                                                            "self": 28.2084327
                                                        },
                                                        "steps_from_proto": {
                                                            "total": 0.0011000000000080945,
                                                            "count": 2,
                                                            "is_parallel": true,
                                                            "self": 0.0006962000000072521,
                                                            "children": {
                                                                "_process_rank_one_or_two_observation": {
                                                                    "total": 0.0004038000000008424,
                                                                    "count": 4,
                                                                    "is_parallel": true,
                                                                    "self": 0.0004038000000008424
                                                                }
                                                            }
                                                        }
                                                    }
                                                }
                                            }
                                        }
                                    }
                                }
                            }
                        },
                        "trainer_advance": {
                            "total": 8.769999999458378e-05,
                            "count": 2,
                            "self": 6.539999998977919e-05,
                            "children": {
                                "process_trajectory": {
                                    "total": 2.2300000004804588e-05,
                                    "count": 2,
                                    "self": 2.2300000004804588e-05
                                }
                            }
                        }
                    }
                },