{
    "name": "root",
    "metadata": {
        "timer_format_version": "0.1.0",
        "start_time_seconds": "1779970367",
        "python_version": "3.8.20 (default, Oct  3 2024, 15:19:54) [MSC v.1929 64 bit (AMD64)]",
        "command_line_arguments": "C:\\Users\\USER\\anaconda4\\envs\\2026capstone\\Scripts\\mlagents-learn config\\drt_next_stop_ppo.yaml --run-id=drt_next_stop_ppo_01 --force",
        "mlagents_version": "0.27.0",
        "mlagents_envs_version": "0.27.0",
        "communication_protocol_version": "1.5.0",
        "pytorch_version": "1.7.1+cpu",
        "numpy_version": "1.21.6",
        "end_time_seconds": "1779970772"
    },
    "total": 405.0508259,
    "count": 1,
    "self": 0.02800310000003492,
    "children": {
        "run_training.setup": {
            "total": 0.21420419999999973,
            "count": 1,
            "self": 0.21420419999999973
        },
        "TrainerController.start_learning": {
            "total": 404.8086186,
            "count": 1,
            "self": 0.002687500000035925,
            "children": {
                "TrainerController._reset_env": {
                    "total": 13.0107909,
                    "count": 1,
                    "self": 13.0107909
                },
                "TrainerController.advance": {
                    "total": 391.45805749999994,
                    "count": 28,
                    "self": 0.0023197999998387786,
                    "children": {
                        "env_step": {
                            "total": 391.4223296,
                            "count": 28,
                            "self": 391.2452885000001,
                            "children": {
                                "SubprocessEnvManager._take_step": {
                                    "total": 0.17559850000003685,
                                    "count": 28,
                                    "self": 0.00570930000007408,
                                    "children": {
                                        "TorchPolicy.evaluate": {
                                            "total": 0.16988919999996277,
                                            "count": 27,
                                            "self": 0.033252899999894225,
                                            "children": {
                                                "TorchPolicy.sample_actions": {
                                                    "total": 0.13663630000006854,
                                                    "count": 27,
                                                    "self": 0.13663630000006854
                                                }
                                            }
                                        }
                                    }
                                },
                                "workers": {
                                    "total": 0.00144259999991192,
                                    "count": 27,
                                    "self": 0.0,
                                    "children": {
                                        "worker_root": {
                                            "total": 331.44021100000003,
                                            "count": 27,
                                            "is_parallel": true,
                                            "self": 0.3542954000000691,
                                            "children": {
                                                "steps_from_proto": {
                                                    "total": 0.0059237999999997015,
                                                    "count": 1,
                                                    "is_parallel": true,
                                                    "self": 0.002261900000000594,
                                                    "children": {
                                                        "_process_rank_one_or_two_observation": {
                                                            "total": 0.0036618999999991075,
                                                            "count": 2,
                                                            "is_parallel": true,
                                                            "self": 0.0036618999999991075
                                                        }
                                                    }
                                                },
                                                "UnityEnvironment.step": {
                                                    "total": 331.07999179999996,
                                                    "count": 27,
                                                    "is_parallel": true,
                                                    "self": 0.0068734000000745255,
                                                    "children": {
                                                        "UnityEnvironment._generate_step_input": {
                                                            "total": 0.005082399999922771,
                                                            "count": 27,
                                                            "is_parallel": true,
                                                            "self": 0.005082399999922771
                                                        },
                                                        "communicator.exchange": {
                                                            "total": 331.0408617999999,
                                                            "count": 27,
                                                            "is_parallel": true,
                                                            "self": 331.0408617999999
                                                        },
                                                        "steps_from_proto": {
                                                            "total": 0.02717420000004722,
                                                            "count": 27,
                                                            "is_parallel": true,
                                                            "self": 0.017588900000067298,
                                                            "children": {
                                                                "_process_rank_one_or_two_observation": {
                                                                    "total": 0.009585299999979924,
                                                                    "count": 54,
                                                                    "is_parallel": true,
                                                                    "self": 0.009585299999979924
                                                                }
                                                            }
                                                        }
                                                    }
                                                }
                                            }
                                        }
                                    }
                                }
                            }
                        },
                        "trainer_advance": {
                            "total": 0.03340810000011629,
                            "count": 27,
                            "self": 0.0018185000000059404,
                            "children": {
                                "process_trajectory": {
                                    "total": 0.03158960000011035,
                                    "count": 27,
                                    "self": 0.03158960000011035
                                }
                            }
                        }
                    }
                },